;----------------------------------------------,
;手,
10,揉胸
11,榨乳
12,拧乳头
13,Ｃ爱抚
14,Ｖ指插入
15,Ａ指插入
16,尻爱抚
17,胸爱抚
18,挠痒
19,抚摸肚子


;----------------------------------------------,
;口,
20,吸奶
21,吸乳头
22,接吻
23,Ｃ舔舐
24,Ｖ舔舐
25,Ａ舔舐
26,舔舐胸
27,舔舐耳
28,舔舐腋
29,舔舐脸

;----------------------------------------------,
;Ｖ挿入,
30,正常位
31,后背位
32,对面坐位
33,背面坐位
34,骑乘位
35,对面立位
36,背面立位
37,强制骑乘位
38,背面骑乘位

;--------------------------------------------------,
;Ａ挿入,
40,Ａ正常位
41,Ａ后背位
42,Ａ对面坐位
43,Ａ背面坐位
44,Ａ骑乘位
45,Ａ对面立位
46,Ａ背面立位
47,强制Ａ骑乘位
48,Ａ背面骑乘位

;--------------------------------------------------,
;他部位ちんぽ,
50,素股
51,口交
52,深喉
53,乳交
54,强制乳交
55,纵乳交
56,强制纵乳交
57,手淫
58,授乳手交
59,足交

;----------------------------------------------,
;道具,
60,家畜用搾乳器
61,魔动快感搾乳器
62,触手快感搾乳器
63,小型灵力抽出装置

;----------------------------------------------,
;苦痛系,
70,打屁股
71,皮鞭抽打
72,装备皮鞭

;----------------------------------------------,
;触手,
100,触手揉胸
101,触手榨乳
102,包乳花瓣搾乳触手
103,透明杯状搾乳触手
104,榨乳蠕虫触手
105,触手Ｖ插入
106,触手Ａ插入
107,触手强制乳交
108,触手口交
109,触手深喉
110,刷子触手
;111,触手拘束
112,触手遮眼
113,触手吸吮阴蒂
114,触手耳奸
115,触手强制手交
116,吸引搾乳触手
117,乳腺侵入触手


;----------------------------------------------,
;マッサージ,
150,育乳按摩
151,浓厚母乳按摩
152,乳罐按摩

;----------------------------------------------,
;アイテムIDと連動,
	;200,润滑液
201,震动棒
202,肛用震动棒
203,乳头跳蛋
204,阴蒂跳蛋
205,乳头吸引器
206,阴蒂吸引器
207,眼罩
208,口枷
209,口塞球
	;210,ＳＭ用麻绳
	;211,媚药
212,强制开口器
213,肛塞
214,尿道塞
216,饮尿
217,公开口交侍奉
218,公开自慰
219,自慰
220,放尿
221,公开放尿

250,润滑液
251,媚药
252,避孕套

290,Ｖ润滑液
291,Ａ润滑液
292,Ｂ润滑液

;肉体改造,
;だいたい直接来ない部分なのでコメントアウト多い
;TRAINNAME:SELECTCOMで指定してるのでTRAINがコメントアウトしてると困るんだった

502,淫纹赋予
503,痛苦快乐变换
504,阴茎变化
505,时间压缩

;エキス系は注射でまとめてるのでコメントアウトで可
	;544,母乳体质化精华
	;545,魔力母乳体质化精华
	;546,膨乳改造精华
	;547,淫乳改造精华
	;548,母乳浓厚化精华
	;549,增敏粘液
550,媚药粘液

580,洗脑触手
582,绝顶魔力回复淫纹赋予


;----------------------------------------------,
;投薬・特殊魔術の入り口がこっちにあるほうが便利
800,药物・触手药物注入
801,特殊魔法使用


;810～814　感度上昇薬　コマンド実行回数を記録するのでこんなところに置く
;820～824　感度上昇粘液　同じく

;引き抜きや搾乳器外しをここに統合
890,阴茎拔出
891,搾乳器移除
892,搾乳触手脱离
893,擦拭胸口污垢
	;894,乳刺激摘触手
895,取下避孕套

;派生系は下のほう,
900,活塞运动
901,揉胸吸奶
902,母乳吸尽
903,直饮触手复合搾乳
904,阴茎训练（称呼改变）
905,灵力注入
906,魔力注入
907,侍奉服务

910,魔力吸尽


